-- phpMyAdmin SQL Dump
-- version 4.5.1
-- http://www.phpmyadmin.net
--
-- Host: 127.0.0.1
-- Generation Time: Apr 09, 2016 at 01:05 AM
-- Server version: 10.1.10-MariaDB
-- PHP Version: 7.0.2

SET SQL_MODE = "NO_AUTO_VALUE_ON_ZERO";
SET time_zone = "+00:00";


/*!40101 SET @OLD_CHARACTER_SET_CLIENT=@@CHARACTER_SET_CLIENT */;
/*!40101 SET @OLD_CHARACTER_SET_RESULTS=@@CHARACTER_SET_RESULTS */;
/*!40101 SET @OLD_COLLATION_CONNECTION=@@COLLATION_CONNECTION */;
/*!40101 SET NAMES utf8mb4 */;

--
-- Database: `pathshala`
--

-- --------------------------------------------------------

--
-- Table structure for table `admin`
--

CREATE TABLE `admin` (
  `admin_id` varchar(20) NOT NULL,
  `admin_password` varchar(20) NOT NULL
) ENGINE=InnoDB DEFAULT CHARSET=latin1;

--
-- Dumping data for table `admin`
--

INSERT INTO `admin` (`admin_id`, `admin_password`) VALUES
('admin', 'admin');

-- --------------------------------------------------------

--
-- Table structure for table `center_details`
--

CREATE TABLE `center_details` (
  `center_index` bigint(20) NOT NULL,
  `ngo_index` bigint(20) NOT NULL,
  `center_location` varchar(20) NOT NULL,
  `course_name` varchar(20) NOT NULL,
  `start_date` date NOT NULL,
  `end_date` date NOT NULL,
  `file_name` varchar(50) NOT NULL,
  `file_size` bigint(20) NOT NULL,
  `cc_status` int(1) NOT NULL
) ENGINE=InnoDB DEFAULT CHARSET=latin1;

--
-- Dumping data for table `center_details`
--

INSERT INTO `center_details` (`center_index`, `ngo_index`, `center_location`, `course_name`, `start_date`, `end_date`, `file_name`, `file_size`, `cc_status`) VALUES
(22, 12, 'Bandra', '2014-2016', '2014-06-13', '2016-05-05', 'Bandra_2014-2016.csv', 0, 1),
(23, 12, 'Bandra', '2015-2017', '2015-06-13', '2017-05-05', 'Bandra_2015-2017.csv', 0, 1),
(24, 12, 'Bandra', '2016-2018', '2016-06-13', '2018-05-05', 'Bandra_2016-2018.csv', 0, 1),
(25, 12, 'Malad', '2016-2018', '2016-06-13', '2018-05-05', 'Malad_2016-2018.csv', 0, 1),
(26, 12, 'Malad', '2015-2017', '2015-06-13', '2017-05-05', 'Malad_2015-2017.csv', 0, 1),
(27, 12, 'Malad', '2014-2016', '2014-06-13', '2016-05-05', 'Malad_2014-2016.csv', 0, 1),
(28, 12, 'Vasai', '2014-2016', '2014-06-13', '2016-05-05', 'Vasai_2014-2016.csv', 0, 1),
(29, 12, 'Vasai', '2015-2017', '2015-02-22', '2017-05-05', 'Vasai_2014-2016.csv', 0, 1),
(30, 12, 'Vasai', '2016-2018', '2016-06-13', '2018-05-05', 'Vasai_2016-2018.csv', 0, 1);

-- --------------------------------------------------------

--
-- Table structure for table `ngo`
--

CREATE TABLE `ngo` (
  `ngo_index` bigint(20) NOT NULL,
  `ngo_name` varchar(20) NOT NULL,
  `ngo_location` varchar(20) NOT NULL,
  `ngo_email` varchar(50) NOT NULL,
  `ngo_password` varchar(10) NOT NULL
) ENGINE=InnoDB DEFAULT CHARSET=latin1;

--
-- Dumping data for table `ngo`
--

INSERT INTO `ngo` (`ngo_index`, `ngo_name`, `ngo_location`, `ngo_email`, `ngo_password`) VALUES
(16, 'Dimpi', 'Malad', 'dedhiadimpi@gmail.com', '123456'),
(12, 'LightofLifeTrust', 'Bandra', 'kamal@lolt.in', 'lolt@123');

-- --------------------------------------------------------

--
-- Table structure for table `student_attendance`
--

CREATE TABLE `student_attendance` (
  `id` bigint(20) NOT NULL,
  `date` date NOT NULL,
  `s_attendance` varchar(1) NOT NULL
) ENGINE=InnoDB DEFAULT CHARSET=latin1;

--
-- Dumping data for table `student_attendance`
--

INSERT INTO `student_attendance` (`id`, `date`, `s_attendance`) VALUES
(433, '2015-08-01', 'P'),
(434, '2015-08-01', 'P'),
(435, '2015-08-01', 'A'),
(436, '2015-08-01', 'A'),
(437, '2015-08-01', 'A'),
(433, '2015-08-02', 'A'),
(434, '2015-08-02', 'P'),
(435, '2015-08-02', 'A'),
(436, '2015-08-02', 'A'),
(437, '2015-08-02', 'A'),
(433, '2015-08-03', 'A'),
(434, '2015-08-03', 'P'),
(435, '2015-08-03', 'P'),
(436, '2015-08-03', 'A'),
(437, '2015-08-03', 'A'),
(483, '2015-08-01', 'P'),
(484, '2015-08-01', 'P'),
(485, '2015-08-01', 'A'),
(486, '2015-08-01', 'A'),
(487, '2015-08-01', 'A'),
(483, '2015-08-02', 'A'),
(484, '2015-08-02', 'P'),
(485, '2015-08-02', 'A'),
(486, '2015-08-02', 'A'),
(487, '2015-08-02', 'A'),
(483, '2015-08-03', 'A'),
(484, '2015-08-03', 'P'),
(485, '2015-08-03', 'P'),
(486, '2015-08-03', 'A'),
(487, '2015-08-03', 'A'),
(443, '2015-08-01', 'A'),
(444, '2015-08-01', 'P'),
(445, '2015-08-01', 'P'),
(446, '2015-08-01', 'A'),
(447, '2015-08-01', 'P'),
(443, '2015-08-02', 'A'),
(444, '2015-08-02', 'A'),
(445, '2015-08-02', 'P'),
(446, '2015-08-02', 'A'),
(447, '2015-08-02', 'P'),
(443, '2015-08-03', 'P'),
(444, '2015-08-03', 'P'),
(445, '2015-08-03', 'P'),
(446, '2015-08-03', 'A'),
(447, '2015-08-03', 'P'),
(473, '2015-08-01', 'A'),
(474, '2015-08-01', 'P'),
(475, '2015-08-01', 'P'),
(476, '2015-08-01', 'A'),
(477, '2015-08-01', 'P'),
(473, '2015-08-02', 'A'),
(474, '2015-08-02', 'A'),
(475, '2015-08-02', 'P'),
(476, '2015-08-02', 'A'),
(477, '2015-08-02', 'P'),
(473, '2015-08-03', 'P'),
(474, '2015-08-03', 'P'),
(475, '2015-08-03', 'P'),
(476, '2015-08-03', 'A'),
(477, '2015-08-03', 'P'),
(433, '2015-04-04', 'P'),
(434, '2016-04-09', 'P'),
(436, '2016-04-09', 'P'),
(435, '2016-04-09', 'P'),
(437, '2016-04-09', 'P'),
(438, '2016-04-09', 'P'),
(439, '2016-04-09', 'P'),
(441, '2016-04-09', 'P'),
(440, '2016-04-09', 'P'),
(442, '2016-04-09', 'P'),
(434, '2015-10-01', 'P'),
(435, '2015-10-01', 'P'),
(436, '2015-10-01', 'P'),
(437, '2015-10-01', 'P'),
(438, '2015-10-01', 'P'),
(439, '2015-10-01', 'A'),
(440, '2015-10-01', 'P'),
(441, '2015-10-01', 'A'),
(442, '2015-10-01', 'A'),
(434, '2015-10-02', 'A'),
(436, '2015-10-02', 'P'),
(435, '2015-10-02', 'P'),
(437, '2015-10-02', 'A'),
(438, '2015-10-02', 'A'),
(439, '2015-10-02', 'A'),
(440, '2015-10-02', 'P'),
(442, '2015-10-02', 'A'),
(441, '2015-10-02', 'P'),
(434, '2015-10-03', 'P'),
(436, '2015-10-03', 'A'),
(435, '2015-10-03', 'A'),
(437, '2015-10-03', 'A'),
(438, '2015-10-03', 'A'),
(439, '2015-10-03', 'P'),
(440, '2015-10-03', 'A'),
(441, '2015-10-03', 'P'),
(442, '2015-10-03', 'P'),
(434, '2015-10-04', 'P'),
(435, '2015-10-04', 'P'),
(436, '2015-10-04', 'A'),
(437, '2015-10-04', 'P'),
(438, '2015-10-04', 'P'),
(439, '2015-10-04', 'A'),
(440, '2015-10-04', 'P'),
(441, '2015-10-04', 'P'),
(442, '2015-10-04', 'A'),
(434, '2015-10-05', 'A'),
(435, '2015-10-05', 'P'),
(436, '2015-10-05', 'A'),
(437, '2015-10-05', 'P'),
(438, '2015-10-05', 'A'),
(439, '2015-10-05', 'P'),
(440, '2015-10-05', 'A'),
(441, '2015-10-05', 'A'),
(442, '2015-10-05', 'A'),
(453, '2015-10-01', 'A'),
(454, '2015-10-01', 'P'),
(455, '2015-10-01', 'P'),
(456, '2015-10-01', 'A'),
(457, '2015-10-01', 'P'),
(458, '2015-10-01', 'P'),
(459, '2015-10-01', 'A'),
(460, '2015-10-01', 'P'),
(461, '2015-10-01', 'P'),
(462, '2015-10-01', 'A'),
(453, '2015-10-02', 'P'),
(455, '2015-10-02', 'P'),
(454, '2015-10-02', 'P'),
(456, '2015-10-02', 'P'),
(457, '2015-10-02', 'P'),
(458, '2015-10-02', 'P'),
(459, '2015-10-02', 'P'),
(461, '2015-10-02', 'P'),
(460, '2015-10-02', 'P'),
(462, '2015-10-02', 'P'),
(453, '2015-10-03', 'P'),
(454, '2015-10-03', 'A'),
(455, '2015-10-03', 'P'),
(456, '2015-10-03', 'A'),
(457, '2015-10-03', 'P'),
(458, '2015-10-03', 'A'),
(459, '2015-10-03', 'P'),
(460, '2015-10-03', 'P'),
(461, '2015-10-03', 'A'),
(462, '2015-10-03', 'P'),
(453, '2015-10-04', 'P'),
(454, '2015-10-04', 'P'),
(455, '2015-10-04', 'P'),
(456, '2015-10-04', 'P'),
(457, '2015-10-04', 'P'),
(458, '2015-10-04', 'P'),
(459, '2015-10-04', 'P'),
(460, '2015-10-04', 'P'),
(461, '2015-10-04', 'P'),
(462, '2015-10-04', 'P'),
(453, '2015-10-05', 'P'),
(454, '2015-10-05', 'A'),
(455, '2015-10-05', 'A'),
(456, '2015-10-05', 'P'),
(457, '2015-10-05', 'P'),
(458, '2015-10-05', 'A'),
(459, '2015-10-05', 'P'),
(462, '2015-10-05', 'A'),
(460, '2015-10-05', 'P'),
(461, '2015-10-05', 'P'),
(483, '2015-10-01', 'P'),
(484, '2015-10-01', 'A'),
(485, '2015-10-01', 'P'),
(487, '2015-10-01', 'P'),
(486, '2015-10-01', 'P'),
(488, '2015-10-01', 'P'),
(489, '2015-10-01', 'P'),
(490, '2015-10-01', 'P'),
(491, '2015-10-01', 'P'),
(492, '2015-10-01', 'P'),
(487, '2015-10-02', 'A'),
(492, '2015-10-02', 'A'),
(483, '2015-10-02', 'P'),
(484, '2015-10-02', 'P'),
(486, '2015-10-02', 'P'),
(485, '2015-10-02', 'P'),
(488, '2015-10-02', 'P'),
(489, '2015-10-02', 'P'),
(490, '2015-10-02', 'P'),
(491, '2015-10-02', 'P'),
(483, '2015-10-03', 'P'),
(484, '2015-10-03', 'P'),
(486, '2015-10-03', 'P'),
(485, '2015-10-03', 'P'),
(487, '2015-10-03', 'P'),
(488, '2015-10-03', 'P'),
(489, '2015-10-03', 'P'),
(490, '2015-10-03', 'P'),
(491, '2015-10-03', 'P'),
(492, '2015-10-03', 'P'),
(485, '2015-10-04', 'A'),
(489, '2015-10-04', 'A'),
(483, '2015-10-04', 'P'),
(484, '2015-10-04', 'P'),
(486, '2015-10-04', 'P'),
(487, '2015-10-04', 'P'),
(488, '2015-10-04', 'P'),
(490, '2015-10-04', 'P'),
(491, '2015-10-04', 'P'),
(492, '2015-10-04', 'P'),
(483, '2015-10-05', 'P'),
(484, '2015-10-05', 'P'),
(485, '2015-10-05', 'P'),
(486, '2015-10-05', 'P'),
(487, '2015-10-05', 'P'),
(488, '2015-10-05', 'P'),
(489, '2015-10-05', 'P'),
(490, '2015-10-05', 'P'),
(491, '2015-10-05', 'P'),
(492, '2015-10-05', 'P'),
(463, '2015-10-01', 'P'),
(465, '2015-10-01', 'A'),
(464, '2015-10-01', 'A'),
(466, '2015-10-01', 'A'),
(467, '2015-10-01', 'A'),
(468, '2015-10-01', 'A'),
(469, '2015-10-01', 'A'),
(470, '2015-10-01', 'A'),
(471, '2015-10-01', 'A'),
(472, '2015-10-01', 'A'),
(463, '2015-10-01', 'P'),
(465, '2015-10-01', 'A'),
(464, '2015-10-01', 'A'),
(466, '2015-10-01', 'A'),
(467, '2015-10-01', 'A'),
(468, '2015-10-01', 'A'),
(469, '2015-10-01', 'A'),
(470, '2015-10-01', 'A'),
(471, '2015-10-01', 'A'),
(472, '2015-10-01', 'A'),
(463, '2015-10-02', 'A'),
(464, '2015-10-02', 'A'),
(465, '2015-10-02', 'P'),
(466, '2015-10-02', 'A'),
(467, '2015-10-02', 'P'),
(468, '2015-10-02', 'A'),
(469, '2015-10-02', 'P'),
(470, '2015-10-02', 'A'),
(471, '2015-10-02', 'P'),
(472, '2015-10-02', 'A'),
(463, '2015-10-03', 'A'),
(464, '2015-10-03', 'A'),
(465, '2015-10-03', 'A'),
(466, '2015-10-03', 'A'),
(467, '2015-10-03', 'A'),
(468, '2015-10-03', 'A'),
(469, '2015-10-03', 'A'),
(470, '2015-10-03', 'A'),
(471, '2015-10-03', 'A'),
(472, '2015-10-03', 'A'),
(464, '2015-10-04', 'A'),
(463, '2015-10-04', 'A'),
(465, '2015-10-04', 'A'),
(466, '2015-10-04', 'A'),
(467, '2015-10-04', 'A'),
(468, '2015-10-04', 'A'),
(469, '2015-10-04', 'A'),
(470, '2015-10-04', 'A'),
(471, '2015-10-04', 'A'),
(472, '2015-10-04', 'A'),
(463, '2015-10-05', 'A'),
(464, '2015-10-05', 'A'),
(466, '2015-10-05', 'A'),
(465, '2015-10-05', 'A'),
(467, '2015-10-05', 'A'),
(468, '2015-10-05', 'A'),
(469, '2015-10-05', 'A'),
(470, '2015-10-05', 'A'),
(471, '2015-10-05', 'A'),
(472, '2015-10-05', 'A'),
(493, '2015-10-01', 'P'),
(494, '2015-10-01', 'A'),
(495, '2015-10-01', 'A'),
(496, '2015-10-01', 'A'),
(497, '2015-10-01', 'A'),
(499, '2015-10-01', 'A'),
(498, '2015-10-01', 'A'),
(500, '2015-10-01', 'A'),
(501, '2015-10-01', 'A'),
(502, '2015-10-01', 'A'),
(493, '2015-10-02', 'A'),
(494, '2015-10-02', 'P'),
(495, '2015-10-02', 'A'),
(496, '2015-10-02', 'P'),
(497, '2015-10-02', 'A'),
(498, '2015-10-02', 'P'),
(499, '2015-10-02', 'A'),
(500, '2015-10-02', 'A'),
(501, '2015-10-02', 'P'),
(502, '2015-10-02', 'A'),
(493, '2015-10-03', 'A'),
(495, '2015-10-03', 'A'),
(494, '2015-10-03', 'A'),
(496, '2015-10-03', 'P'),
(497, '2015-10-03', 'A'),
(498, '2015-10-03', 'P'),
(499, '2015-10-03', 'A'),
(500, '2015-10-03', 'P'),
(501, '2015-10-03', 'A'),
(502, '2015-10-03', 'A'),
(493, '2015-10-04', 'P'),
(502, '2015-10-04', 'P'),
(501, '2015-10-04', 'P'),
(500, '2015-10-04', 'P'),
(499, '2015-10-04', 'A'),
(498, '2015-10-04', 'A'),
(497, '2015-10-04', 'A'),
(496, '2015-10-04', 'A'),
(495, '2015-10-04', 'A'),
(494, '2015-10-04', 'A'),
(493, '2015-10-05', 'A'),
(494, '2015-10-05', 'A'),
(495, '2015-10-05', 'P'),
(496, '2015-10-05', 'A'),
(497, '2015-10-05', 'P'),
(498, '2015-10-05', 'A'),
(499, '2015-10-05', 'A'),
(500, '2015-10-05', 'P'),
(501, '2015-10-05', 'A'),
(502, '2015-10-05', 'A'),
(512, '2015-10-01', 'A'),
(510, '2015-10-01', 'A'),
(505, '2015-10-01', 'A'),
(503, '2015-10-01', 'P'),
(504, '2015-10-01', 'P'),
(506, '2015-10-01', 'P'),
(507, '2015-10-01', 'P'),
(508, '2015-10-01', 'P'),
(509, '2015-10-01', 'P'),
(511, '2015-10-01', 'P'),
(512, '2015-10-02', 'A'),
(510, '2015-10-02', 'A'),
(508, '2015-10-02', 'A'),
(506, '2015-10-02', 'A'),
(504, '2015-10-02', 'P'),
(503, '2015-10-02', 'P'),
(505, '2015-10-02', 'P'),
(507, '2015-10-02', 'P'),
(509, '2015-10-02', 'P'),
(511, '2015-10-02', 'P'),
(503, '2015-10-03', 'P'),
(504, '2015-10-03', 'P'),
(505, '2015-10-03', 'P'),
(506, '2015-10-03', 'A'),
(507, '2015-10-03', 'P'),
(508, '2015-10-03', 'A'),
(509, '2015-10-03', 'A'),
(510, '2015-10-03', 'A'),
(511, '2015-10-03', 'P'),
(512, '2015-10-03', 'A'),
(503, '2015-10-04', 'A'),
(504, '2015-10-04', 'A'),
(505, '2015-10-04', 'A'),
(506, '2015-10-04', 'A'),
(507, '2015-10-04', 'A'),
(508, '2015-10-04', 'A'),
(509, '2015-10-04', 'A'),
(510, '2015-10-04', 'A'),
(511, '2015-10-04', 'A'),
(512, '2015-10-04', 'A'),
(508, '2015-10-05', 'A'),
(503, '2015-10-05', 'P'),
(505, '2015-10-05', 'P'),
(506, '2015-10-05', 'P'),
(504, '2015-10-05', 'P'),
(507, '2015-10-05', 'P'),
(509, '2015-10-05', 'P'),
(511, '2015-10-05', 'P'),
(510, '2015-10-05', 'P'),
(512, '2015-10-05', 'P');

-- --------------------------------------------------------

--
-- Table structure for table `student_info`
--

CREATE TABLE `student_info` (
  `id` bigint(20) NOT NULL,
  `center_index` bigint(20) NOT NULL,
  `s_roll` int(11) NOT NULL,
  `s_name` varchar(50) NOT NULL,
  `s_gender` varchar(1) NOT NULL,
  `s_dob` date NOT NULL,
  `s_age` int(3) NOT NULL,
  `s_address` varchar(100) NOT NULL,
  `s_status` int(1) NOT NULL
) ENGINE=InnoDB DEFAULT CHARSET=latin1;

--
-- Dumping data for table `student_info`
--

INSERT INTO `student_info` (`id`, `center_index`, `s_roll`, `s_name`, `s_gender`, `s_dob`, `s_age`, `s_address`, `s_status`) VALUES
(433, 22, 1, 'Shreela ', 'F', '1995-03-02', 20, 'Bandra', 0),
(434, 22, 2, 'Namrata Bhan', 'F', '1995-03-02', 20, 'Bandra', 1),
(435, 22, 3, 'Bhavik Chandora', 'M', '1995-03-02', 20, 'Bandra', 1),
(436, 22, 4, 'Dimpi Dedhia', 'F', '1995-03-02', 20, 'Bandra', 1),
(437, 22, 5, 'Anchal Dhurka', 'F', '1995-03-02', 20, 'Bandra', 1),
(438, 22, 6, 'Vitrag Doshi', 'M', '1995-03-02', 20, 'Bandra', 1),
(439, 22, 7, 'Yash Doshi', 'M', '1995-03-02', 20, 'Bandra', 1),
(440, 22, 8, 'Elita Dsouza', 'F', '1995-03-02', 20, 'Bandra', 1),
(441, 22, 9, 'Pinal Patel', 'M', '1995-03-02', 20, 'Bandra', 1),
(442, 22, 10, 'Pratish Jain', 'M', '1995-03-02', 20, 'Bandra', 1),
(443, 23, 1, 'Pranjal Jain', 'F', '1995-03-02', 20, 'Bandra', 1),
(444, 23, 2, 'Krutik Haria', 'M', '1995-03-02', 20, 'Bandra', 1),
(445, 23, 3, 'Kavita Soni', 'F', '1995-03-02', 20, 'Bandra', 1),
(446, 23, 4, 'Nidhi Patel', 'F', '1995-03-02', 20, 'Bandra', 1),
(447, 23, 5, 'Jinesh Shah', 'M', '1995-03-02', 20, 'Bandra', 1),
(448, 23, 6, 'Yesha Mavani', 'F', '1995-03-02', 20, 'Bandra', 1),
(449, 23, 7, 'Prachi Patel', 'F', '1995-03-02', 20, 'Bandra', 1),
(450, 23, 8, 'Jash Vora', 'M', '1995-03-02', 20, 'Bandra', 1),
(451, 23, 9, 'Devangi Ramavat', 'F', '1995-03-02', 20, 'Bandra', 1),
(452, 23, 10, 'Yagnesh Trivedi', 'M', '1995-03-02', 20, 'Bandra', 1),
(453, 24, 1, 'Ashutosh Shah', 'M', '1995-03-02', 19, 'Bandra', 1),
(454, 24, 2, 'Nilay Patel', 'M', '1995-03-02', 19, 'Bandra', 1),
(455, 24, 3, 'Sagar Patel', 'M', '1995-03-02', 19, 'Bandra', 1),
(456, 24, 4, 'Nidhi Singh', 'F', '1995-03-02', 19, 'Bandra', 1),
(457, 24, 5, 'Krupanshi Bramhbhat', 'F', '1995-03-02', 19, 'Bandra', 1),
(458, 24, 6, 'Twincy Vora', 'F', '1995-03-02', 19, 'Bandra', 1),
(459, 24, 7, 'Priya Lapasiya', 'F', '1995-03-02', 19, 'Bandra', 1),
(460, 24, 8, 'Priyanshi Chedda', 'F', '1995-03-02', 19, 'Bandra', 1),
(461, 24, 9, 'Ridhi Chedda', 'F', '1995-03-02', 19, 'Bandra', 1),
(462, 24, 10, 'AashitaBhatt', 'F', '1995-03-02', 19, 'Bandra', 1),
(463, 25, 1, 'Ashutosh Shah', 'M', '1995-03-02', 19, 'Bandra', 1),
(464, 25, 2, 'Nilay Patel', 'M', '1995-03-02', 19, 'Bandra', 1),
(465, 25, 3, 'Sagar Patel', 'M', '1995-03-02', 19, 'Bandra', 1),
(466, 25, 4, 'Nidhi Singh', 'F', '1995-03-02', 19, 'Bandra', 1),
(467, 25, 5, 'Krupanshi Bramhbhat', 'F', '1995-03-02', 19, 'Bandra', 1),
(468, 25, 6, 'Twincy Vora', 'F', '1995-03-02', 19, 'Bandra', 1),
(469, 25, 7, 'Priya Lapasiya', 'F', '1995-03-02', 19, 'Bandra', 1),
(470, 25, 8, 'Priyanshi Chedda', 'F', '1995-03-02', 19, 'Bandra', 1),
(471, 25, 9, 'Ridhi Chedda', 'F', '1995-03-02', 19, 'Bandra', 1),
(472, 25, 10, 'AashitaBhatt', 'F', '1995-03-02', 19, 'Bandra', 1),
(473, 26, 1, 'Pranjal Jain', 'F', '1995-03-02', 20, 'Bandra', 1),
(474, 26, 2, 'Krutik Haria', 'M', '1995-03-02', 20, 'Bandra', 1),
(475, 26, 3, 'Kavita Soni', 'F', '1995-03-02', 20, 'Bandra', 1),
(476, 26, 4, 'Nidhi Patel', 'F', '1995-03-02', 20, 'Bandra', 1),
(477, 26, 5, 'Jinesh Shah', 'M', '1995-03-02', 20, 'Bandra', 1),
(478, 26, 6, 'Yesha Mavani', 'F', '1995-03-02', 20, 'Bandra', 1),
(479, 26, 7, 'Prachi Patel', 'F', '1995-03-02', 20, 'Bandra', 1),
(480, 26, 8, 'Jash Vora', 'M', '1995-03-02', 20, 'Bandra', 1),
(481, 26, 9, 'Devangi Ramavat', 'F', '1995-03-02', 20, 'Bandra', 1),
(482, 26, 10, 'Yagnesh Trivedi', 'M', '1995-03-02', 20, 'Bandra', 1),
(483, 27, 1, 'Shreela ', 'F', '1995-03-02', 20, 'Bandra', 1),
(484, 27, 2, 'Namrata Bhan', 'F', '1995-03-02', 20, 'Bandra', 1),
(485, 27, 3, 'Bhavik Chandora', 'M', '1995-03-02', 20, 'Bandra', 1),
(486, 27, 4, 'Dimpi Dedhia', 'F', '1995-03-02', 20, 'Bandra', 1),
(487, 27, 5, 'Anchal Dhurka', 'F', '1995-03-02', 20, 'Bandra', 1),
(488, 27, 6, 'Vitrag Doshi', 'M', '1995-03-02', 20, 'Bandra', 1),
(489, 27, 7, 'Yash Doshi', 'M', '1995-03-02', 20, 'Bandra', 1),
(490, 27, 8, 'Elita Dsouza', 'F', '1995-03-02', 20, 'Bandra', 1),
(491, 27, 9, 'Pinal Patel', 'M', '1995-03-02', 20, 'Bandra', 1),
(492, 27, 10, 'Pratish Jain', 'M', '1995-03-02', 20, 'Bandra', 1),
(493, 28, 1, 'Shreela ', 'F', '1995-03-02', 20, 'Bandra', 1),
(494, 28, 2, 'Namrata Bhan', 'F', '1995-03-02', 20, 'Bandra', 1),
(495, 28, 3, 'Bhavik Chandora', 'M', '1995-03-02', 20, 'Bandra', 1),
(496, 28, 4, 'Dimpi Dedhia', 'F', '1995-03-02', 20, 'Bandra', 1),
(497, 28, 5, 'Anchal Dhurka', 'F', '1995-03-02', 20, 'Bandra', 1),
(498, 28, 6, 'Vitrag Doshi', 'M', '1995-03-02', 20, 'Bandra', 1),
(499, 28, 7, 'Yash Doshi', 'M', '1995-03-02', 20, 'Bandra', 1),
(500, 28, 8, 'Elita Dsouza', 'F', '1995-03-02', 20, 'Bandra', 1),
(501, 28, 9, 'Pinal Patel', 'M', '1995-03-02', 20, 'Bandra', 1),
(502, 28, 10, 'Pratish Jain', 'M', '1995-03-02', 20, 'Bandra', 1),
(503, 30, 1, 'Ashutosh Shah', 'M', '1995-03-02', 19, 'Bandra', 1),
(504, 30, 2, 'Nilay Patel', 'M', '1995-03-02', 19, 'Bandra', 1),
(505, 30, 3, 'Sagar Patel', 'M', '1995-03-02', 19, 'Bandra', 1),
(506, 30, 4, 'Nidhi Singh', 'F', '1995-03-02', 19, 'Bandra', 1),
(507, 30, 5, 'Krupanshi Bramhbhat', 'F', '1995-03-02', 19, 'Bandra', 1),
(508, 30, 6, 'Twincy Vora', 'F', '1995-03-02', 19, 'Bandra', 1),
(509, 30, 7, 'Priya Lapasiya', 'F', '1995-03-02', 19, 'Bandra', 1),
(510, 30, 8, 'Priyanshi Chedda', 'F', '1995-03-02', 19, 'Bandra', 1),
(511, 30, 9, 'Ridhi Chedda', 'F', '1995-03-02', 19, 'Bandra', 1),
(512, 30, 10, 'AashitaBhatt', 'F', '1995-03-02', 19, 'Bandra', 1);

--
-- Indexes for dumped tables
--

--
-- Indexes for table `center_details`
--
ALTER TABLE `center_details`
  ADD PRIMARY KEY (`center_index`),
  ADD KEY `ngo_index` (`ngo_index`);

--
-- Indexes for table `ngo`
--
ALTER TABLE `ngo`
  ADD PRIMARY KEY (`ngo_email`),
  ADD UNIQUE KEY `ngo_index` (`ngo_index`);

--
-- Indexes for table `student_attendance`
--
ALTER TABLE `student_attendance`
  ADD KEY `id` (`id`);

--
-- Indexes for table `student_info`
--
ALTER TABLE `student_info`
  ADD PRIMARY KEY (`id`),
  ADD KEY `center_index` (`center_index`);

--
-- AUTO_INCREMENT for dumped tables
--

--
-- AUTO_INCREMENT for table `center_details`
--
ALTER TABLE `center_details`
  MODIFY `center_index` bigint(20) NOT NULL AUTO_INCREMENT, AUTO_INCREMENT=31;
--
-- AUTO_INCREMENT for table `ngo`
--
ALTER TABLE `ngo`
  MODIFY `ngo_index` bigint(20) NOT NULL AUTO_INCREMENT, AUTO_INCREMENT=17;
--
-- AUTO_INCREMENT for table `student_info`
--
ALTER TABLE `student_info`
  MODIFY `id` bigint(20) NOT NULL AUTO_INCREMENT, AUTO_INCREMENT=514;
--
-- Constraints for dumped tables
--

--
-- Constraints for table `center_details`
--
ALTER TABLE `center_details`
  ADD CONSTRAINT `fk_ngo_index` FOREIGN KEY (`ngo_index`) REFERENCES `ngo` (`ngo_index`);

--
-- Constraints for table `student_attendance`
--
ALTER TABLE `student_attendance`
  ADD CONSTRAINT `fk_id` FOREIGN KEY (`id`) REFERENCES `student_info` (`id`);

--
-- Constraints for table `student_info`
--
ALTER TABLE `student_info`
  ADD CONSTRAINT `fk_center_index` FOREIGN KEY (`center_index`) REFERENCES `center_details` (`center_index`);

/*!40101 SET CHARACTER_SET_CLIENT=@OLD_CHARACTER_SET_CLIENT */;
/*!40101 SET CHARACTER_SET_RESULTS=@OLD_CHARACTER_SET_RESULTS */;
/*!40101 SET COLLATION_CONNECTION=@OLD_COLLATION_CONNECTION */;
